tweets,Subjectivity,Polarity,Analysis
Please help stop the bloody whale slaughter on the Faroe Islands: ,0.9,-0.8,-1
NOT A PETA YOUTUBE AD üò≠,0.0,0.0,0
": THIS IS WHAT HAPPENS IN THE DAIRY INDUSTRY üíî 

Cow mothers have their babies stolen from them so humans can drink their milk. RET‚Ä¶",0.16666666666666666,-0.13333333333333333,-1
": 40 years ago, PETA made HISTORY at this hidden monkey laboratory by obtaining the first search and seizure warrant against a U.S.‚Ä¶",0.2222222222222222,0.011111111111111108,1
Alexandra Australia is telling customers that fur production is ethical. We‚Äôre not buying it ‚Äì are you? Take action‚Ä¶ ,0.6,0.2,1
Urge These Fast-Food Chains to Up Their Vegan Game ,0.4,-0.4,-1
: Alexandra Australia is telling customers that fur production is ethical. We‚Äôre not buying it ‚Äì are you? Take action now: h‚Ä¶,0.35,0.15000000000000002,1
Urge These Fast-Food Chains to Up Their Vegan Game ,0.4,-0.4,-1
": üìùToday _EN will vote to ask the _Commission to phase out animal testing‚ùå

üíúWe fully supp‚Ä¶",0.0,0.0,0
"  but too bad, humanity loves you",0.6666666666666666,-0.6999999999999998,-1
Alexandra Australia is telling customers that fur production is ethical. We‚Äôre not buying it ‚Äì are you? Take action‚Ä¶ ,0.6,0.2,1
  They‚Äôre jobless bro. They even attacked pokemon. Their existence is a joke.,0.0,0.0,0
": Hey,  - greyhounds are loving, sensitive individuals who do NOT want to race. 
Sign here to take action: ",0.65,0.26666666666666666,1
"Animals Suffering Continues on Santorini 

 via ",0.0,0.0,0
": PETA urges PM Modi to declare Gandhi Jayanti as ‚ÄòNational Meat-Free Day‚Äô 

Read:  ",0.0,0.0,0
I hope that you feel the same pain. You scream so painfully and loudly that maybe you understand your torture. ,0.6083333333333333,-0.19999999999999998,-1
: Astonishing story by  reinventing credlin as a feminist warrior. Her role in the disgusting mysogyny‚Ä¶,1.0,-0.25,-1
" Rats will be disposed of. Rats are pests. If you dont want that happening, you better build a facilities to c‚Ä¶ ",0.5,0.5,1
"Where were you? ü§î 




_HQ


_Official ",0.0,0.0,0
": 40 years ago, PETA made HISTORY at this hidden monkey laboratory by obtaining the first search and seizure warrant against a U.S.‚Ä¶",0.2222222222222222,0.011111111111111108,1
_salmon85:    My 3 month year old daughter has a very important meeting at Great Ormond St‚Ä¶,0.65,0.47333333333333333,1
  Why do you even exist   ??,0.0,0.0,0
 Holy shit it would be amazing to see the nerd get censored by peta when talking about animal shit cuz it's not vegan lmao,0.875,0.2,1
" 
Thats what happened in Faroe islands for 1500 dolphins, what are you going to do? ",0.0,0.0,0
Urge These Fast-Food Chains to Up Their Vegan Game ,0.4,-0.4,-1
: Alexandra Australia is telling customers that fur production is ethical. We‚Äôre not buying it ‚Äì are you? Take action now‚Ä¶,0.35,0.15000000000000002,1
  For every stupid post I see I go hunting that weekend.  So I'll basically be hunting every weekend‚Ä¶ ,1.0,-0.7999999999999999,-1
Peta be serving ,0.0,0.0,0
": 
Interviews with artists Peta Lloyd, Annie Rapstoff, Rhiannon Evans and Clare Carswell by art writ‚Ä¶",0.0,0.0,0
"üìùToday _EN will vote to ask the _Commission to phase out animal testing‚ùå

üíúWe fu‚Ä¶ ",0.0,0.0,0
 Morning Peta üòÄsomeone who‚Äôs a bit sick and doesn‚Äôt have children I should imagine üò°sending hugs to you and yours xü§óüá¨üáßü¶á‚òïÔ∏èüê≤üåº,0.8571428571428571,-0.7142857142857143,-1
 Nice block when you tell people to act like the omnivores they are. ,1.0,0.6,1
"  _CH   
Killing of 1500 Dolphins in the name of tradit‚Ä¶ ",0.0,0.0,0
": URGENT ACTION NEEDED!
 
Cashmere goats scream in agony as their hair is violently ripped off their bodies, mice and birds are lef‚Ä¶",0.55,-0.3375,-1
Watching Peta Credlin interview Gladys. Not one hard tough question. Seems like Credlin has lost her main strength.‚Ä¶ ,0.5694444444444444,-0.1712962962962963,-1
: Sky News host Peta Credlin says it is time to stop ‚Äúobsessing about our emissions‚Äù given Australia has ‚Äúreduced its emissi‚Ä¶,0.0,0.0,0
Too high to give a sh*t bout PETA,0.5399999999999999,0.16,1
Gladys Berejiklian tells Peta Credlin weddings and corporate events have different density caps because ‚Äòpeople min‚Ä¶ ,0.3,0.0,0
Sky News host Peta Credlin says it is time to stop ‚Äúobsessing about our emissions‚Äù given Australia has ‚Äúreduced its‚Ä¶ ,0.0,0.0,0
GRAPHIC IMAGES! Whalers on the Faroe Islands kill 1428 dolphins in a sin...  via ‚Ä¶ ,0.4,0.0,0
New kink alert ,0.45454545454545453,0.13636363636363635,1
no way i miss the live becos i need to workout for my peta sfckmdod,0.5,0.13636363636363635,1
Alexandra Australia is telling customers that fur production is ethical. We‚Äôre not buying it ‚Äì are you? Take action‚Ä¶ ,0.6,0.2,1
Alexandra Australia is telling customers that fur production is ethical. We‚Äôre not buying it ‚Äì are you? Take action‚Ä¶ ,0.6,0.2,1
: Could you be wearing dog leather? InternationalDogDay ,0.0,0.0,0
"Speaking to  Peta Credlin, Gladys Berejiklain reaffirms inbound &amp; outbound travel freedoms are imminent‚Ä¶ ",0.0,0.0,0
@_Pehicc: Alexandra Australia is telling customers that fur production is ethical. We‚Äôre not buying it ‚Äì are you? Take action now: https‚Ä¶,0.35,0.15000000000000002,1
Alexandra Australia is telling customers that fur production is ethical. We‚Äôre not buying it ‚Äì are you? Take action‚Ä¶ ,0.6,0.2,1
  - Good idea. Let's do it for Bakri Eid also,0.6000000000000001,0.7,1
": If YOU were an orca or dolphin, would you choose THIS or would you choose the ocean?
 
Exactly.
 
üìπ  ",0.25,0.25,1
Urge These Fast-Food Chains to Up Their Vegan Game ,0.4,-0.4,-1
"Berejiklian with Peta Credlin on 80% rules: ""We‚Äôre working on 80% roadmap ‚Äì in some parts of the world if there‚Äôs a‚Ä¶ ",0.0,0.0,0
Why hasn't Val been awarded an AO - but we gave one to Peta Credlin? thedrum or has she?,0.0,0.0,0
" PETA should call for banning eggs,",0.0,0.0,0
: It‚Äôs probably out of frustration.  ,0.0,0.0,0
": URGENT ACTION NEEDED!
 
Cashmere goats scream in agony as their hair is violently ripped off their bodies, mice and birds are lef‚Ä¶",0.55,-0.3375,-1
: Alexandra Australia is telling customers that fur production is ethical. We‚Äôre not buying it ‚Äì are you? Take action now‚Ä¶,0.35,0.15000000000000002,1
Request Activist Materials  via ,0.0,0.0,0
: Alexandra Australia is telling customers that fur production is ethical. We‚Äôre not buying it ‚Äì are you? Take action now‚Ä¶,0.35,0.15000000000000002,1
: We will continue to be nuisance for beef mafia that does illegal slaughter. We don't need PETA for this.,0.5,-0.5,-1
: _UNIFICATION _official _HQ   Are you interested in stopping cruelty  or‚Ä¶,0.5,0.25,1
"They source their fur from China where the animals are skinned alive.

Alexandra Australia is telling customers tha‚Ä¶ ",0.4,0.1,1
PETA are so weird   ,1.0,-0.5,-1
": So, the left are now the ‚Äòunfun ones‚Äô at a dinner party compared to the ‚Äòlarrikin right‚Äô. So, who would you like to sit next‚Ä¶",0.26785714285714285,0.14285714285714285,1
Australia is telling customers that fur production is ethical. We‚Äôre not buying it ‚Äì are you? Take action now: ,0.35,0.15000000000000002,1
: We will continue to be nuisance for beef mafia that does illegal slaughter. We don't need PETA for this.,0.5,-0.5,-1
": URGENT ACTION NEEDED!
 
Cashmere goats scream in agony as their hair is violently ripped off their bodies, mice and birds are lef‚Ä¶",0.55,-0.3375,-1
":    If you guys just wanted furry porn, you could have asked me instead of trying to play this whole‚Ä¶",0.0,0.0,0
"LIVE TELECASTING /BROADCASTING OR VIDEOGRAPHY, AUDIOGRAPHY OF SOMEONE'S LIFE WITHOUT HIS/HER PERMISSION IS A CRIME‚Ä¶ ",0.5,0.13636363636363635,1
Alexandra Australia is telling customers that fur production is ethical. We‚Äôre not buying it ‚Äì are you? Take action‚Ä¶ ,0.6,0.2,1
: this is like showing up to a peta protest wearing fur and eating a cheeseburger,0.0,0.0,0
"1,428 white-sided dolphins were slaughtered over the weekend as part of a four-century-old traditional drive of sea‚Ä¶ ",0.75,0.0,0
: The only way this stops is when tourists stop being so lazy : Animal Suffering Continues on Santorini ,1.0,-0.125,-1
Urge These Fast-Food Chains to Up Their Vegan Game ,0.4,-0.4,-1
": URGENT ACTION NEEDED!
 
Cashmere goats scream in agony as their hair is violently ripped off their bodies, mice and birds are lef‚Ä¶",0.55,-0.3375,-1
"1 peta down, 9999999 to go",0.2888888888888889,-0.15555555555555559,-1
Urge These Fast-Food Chains to Up Their Vegan Game ,0.4,-0.4,-1
": As it's the end of the first week BackToSchool, take a moment to sign here to end lessons of cruelty where children as young a‚Ä¶",0.3666666666666667,0.175,1
"MIND YOU IM REALLY NOT A FAN OF EXERCISING PLS. IF IT ISNT FOR PETA, I'D RATHER LAZE AROUND. T___T",0.2,-0.1,-1
: Alexandra Australia is telling customers fur production is ethical. We‚Äôre not buying it ‚Äì are you? Take action now: ,0.35,0.15000000000000002,1
"Hey .  Close uour shop here.   You are wanted in Farie Islands. 
 ",0.0,0.0,0
": She wore  to the MetGala, but on one condition‚Äîthat the company go fur-free‚Äîand THEY DID!
 
Tonight ‚Ä¶",0.0,0.0,0
:  Your rightwing nutter in his fortnightly cosy chats with rightwing lunatic Peta Credlin putting the boot into Krist‚Ä¶,0.0,0.0,0
": Why you should never watch live zoo cams  
ANIMAL CRUELTY
 
  ‚Ä¶",0.5,0.13636363636363635,1
: ‚ÄúPETA Investigates How South African President  Secretly Profits From Trophy Hunting‚Äù Spread the word! Shame‚Ä¶,0.35,-0.25,-1
": Watch the beautiful and emotional trailer for Gunda üñ§

The upcoming documentary executive-produced by Joaquin Phoenix gives an i‚Ä¶",0.5499999999999999,0.2833333333333333,1
": She knows that clothes should never take an animal‚Äôs life and that‚Äôs why she makes such a difference.

Wishing  a‚Ä¶",0.5,0.0,0
: Alexandra Australia is telling customers that fur production is ethical. We‚Äôre not buying it ‚Äì are you? Take action now: http‚Ä¶,0.35,0.15000000000000002,1
" okay lngg, busy den dami peta ü•≤ enjoy the rest of the dayyy &lt;3",0.43333333333333335,0.3333333333333333,1
A former employee testified at her DTRC hearing that a trainer punished a horse by withholding food for four days.‚Ä¶ ,0.0,0.0,0
": So, _Paris, DidYouKnow that crocodiles are protective, attentive parents and often amuse themselves by blowing bubbles?‚Ä¶",0.9,0.4,1
": Instead, choose a milk that's made for human consumption:  ",0.1,0.0,0
": As it's the end of the first week BackToSchool, take a moment to sign here to end lessons of cruelty where children as young a‚Ä¶",0.3666666666666667,0.175,1
Alexandra Australia is telling customers that fur production is ethical. We‚Äôre not buying it ‚Äì are you? Take action‚Ä¶ ,0.6,0.2,1
Alexandra Australia is telling customers that fur production is ethical. We‚Äôre not buying it ‚Äì are you? Take action‚Ä¶ ,0.6,0.2,1
: Choose vegan fish and seafood! It‚Äôs not only better for animals and the world‚Äôs oceans but also offer all the taste without any‚Ä¶,0.75,0.25,1
: I wonder if animal rights advocates will have more success in getting this situation some attention.   help this‚Ä¶,0.25,0.4,1
: They can make shoes out of pineapple leaves now. Are you still wearing the skin of a tortured animal?  h‚Ä¶,0.0,0.0,0
": Sharks have been widely misconstrued as dangerous predators... But, when you look at the numbers it‚Äôs obvious that horror movie‚Ä¶",0.6,-0.2333333333333333,-1
": Take it from someone who almost died of sepsis: 
Experiments on mice DO NOT help humans! 
WorldSepsisDay
",0.0,0.0,0
This Australian Designer STILL Sells Fur! Take Action Now!  ,0.05,0.0625,1
 Your rightwing nutter in his fortnightly cosy chats with rightwing lunatic Peta Credlin putting the boot into‚Ä¶ ,0.0,0.0,0
": Here's the daily reminder you needed to eat beetroot, not bones. Want to know more?  ",0.25,0.25,1
": Testing on animals is bad science. 
Join us in paving the way for better, more efficient, animal-free medical future: ",0.3583333333333333,0.06000000000000003,1
: Is your breakfast destroying our planet? ,0.0,-0.2,-1
": Hey,  - greyhounds are loving, sensitive individuals who do NOT want to race. 
Sign here to take action: ",0.65,0.26666666666666666,1
  _christophi  _louise   ‚Ä¶ ,0.0,0.0,0
"In my colony, one dog is severely injured. Dog is weeping. Severe injuries in his neck and ears. Please do somethin‚Ä¶ ",0.0,0.0,0
"Peta india the epitome of Hypocrisy!

 
_Tewari  ",0.0,0.0,0
Urge These Fast-Food Chains to Up Their Vegan Game ,0.4,-0.4,-1
   _marmo Monstrous. - How can one torture such sweet creatures for a start,0.575,0.175,1
"Here in Germany, we already had a similar case: 3/

 ",0.4,0.0,0
": Why you should never watch live zoo cams  
ANIMAL CRUELTY
 
  ‚Ä¶",0.5,0.13636363636363635,1
"_UNIFICATION: The World‚Äôs Biggest barbaric Halal Food Festival Is Coming To London Stadium UK.

_official
_HQ 

‚Ä¶",0.0,0.0,0
NSW Premier Gladys Berejiklian on PETA CREDLIN tonight at 6pm Sky News Australia. I know Credlin is running a Prote‚Ä¶ ,0.0,0.0,0
  Just look at the farce of Vic's lockdown last year. All the journos in cahoots refusing‚Ä¶ ,0.2833333333333333,-0.2,-1
: Are we  Way to Extinction? We‚Äôre at the premiere of the new film narrated by Academy Award winner Kate Winslet to find‚Ä¶,0.45454545454545453,0.13636363636363635,1
": Reminder that when you eat meat, YOU ARE EATING BODY PARTS ü§Æ ",0.0,0.0,0
: üò°ü¶É  sent me this leaked ‚Äúsex tape‚Äù that the meat industry doesn't want us to see. Workers at ‚Äúhumane‚Äù farms that supp‚Ä¶,0.0,0.0,0
: Alexandra Australia is telling customers that fur production is ethical. We‚Äôre not buying it ‚Äì are you? Take action now: http‚Ä¶,0.35,0.15000000000000002,1
": URGENT ACTION NEEDED!
 
Cashmere goats scream in agony as their hair is violently ripped off their bodies, mice and birds are lef‚Ä¶",0.55,-0.3375,-1
": Here is the drone video free fron any attachments from a group trying to raise money off of Kiska's dire situation. 
‚Ä¶",0.8,0.4,1
_mc: Alexandra Australia is telling customers that fur production is ethical. We‚Äôre not buying it ‚Äì are you? Take action now: htt‚Ä¶,0.35,0.15000000000000002,1
"PETA - People for the Extreme Termination of Animals. peta 
What a joke of an organization masquerading as animal‚Ä¶ ",1.0,-0.125,-1
I just made a donation to PETA to help put a stop to cruelty to animals - please join me.,0.0,0.0,0
: Alexandra Australia is telling customers that fur production is ethical. We‚Äôre not buying it ‚Äì are you? Take action now: h‚Ä¶,0.35,0.15000000000000002,1
Alexandra Australia is telling customers that fur production is ethical. We‚Äôre not buying it ‚Äì are you? Take action‚Ä¶ ,0.6,0.2,1
: Alexandra Australia is telling customers that fur production is ethical. We‚Äôre not buying it ‚Äì are you? Take action now‚Ä¶,0.35,0.15000000000000002,1
: PETA Games - Angry Video Game Nerd (AVGN) ,0.7,-0.45,-1
_du_Noir_: Alexandra Australia is telling customers that fur production is ethical. We‚Äôre not buying it ‚Äì are you? Take action n‚Ä¶,0.35,0.15000000000000002,1
Alexandra Australia is telling customers fur production is ethical. We‚Äôre not buying it ‚Äì are you? Take action now:‚Ä¶ ,0.35,0.15000000000000002,1
"_p: I don‚Äôt know about y‚Äôall, but I don‚Äôt have any more passwords left in me.",0.25,0.25,1
 any comments on these fantastic results? ,0.9,0.4,1
": Abbott obviously deserves much scorn for his treatment of Gillard‚Ä¶ but Julie Bishop, Peta Credlin, Bronwyn Bishop and M‚Ä¶",0.35,0.1,1
 : 87f5038b-f973-4b78-bc33-a12748365206,0.0,0.0,0
": If YOU were an orca or dolphin, would you choose THIS or would you choose the ocean?
 
Exactly.
 
üìπ  ",0.25,0.25,1
Urge These Fast-Food Chains to Up Their Vegan Game ,0.4,-0.4,-1
Alexandra Australia is telling customers that fur production is ethical. We‚Äôre not buying it ‚Äì are you? Take action‚Ä¶ ,0.6,0.2,1
: this is like showing up to a peta protest wearing fur and eating a cheeseburger,0.0,0.0,0
: PETA Games - Angry Video Game Nerd (AVGN) ,0.7,-0.45,-1
" If their experiments are all that relevant for people, how come they don't try them on people? Would make more sense, somehow",0.7,0.45,1
"  I knew PETA had a lot of stupid takes, but that they went THAT far ...

Never cros‚Ä¶ ",1.0,-0.35,-1
: I liked this appeal tweet of PETA but PETA SM handler has hidden all the Eid related replies shows how biased their activism‚Ä¶,0.5111111111111111,0.14444444444444446,1
": URGENT ACTION NEEDED!
 
Cashmere goats scream in agony as their hair is violently ripped off their bodies, mice and birds are lef‚Ä¶",0.55,-0.3375,-1
": Carnasie Brooklyn - Side effect of blanket eviction moratorium.
It allows for animal abuse!


‚Ä¶",0.0,0.0,0
: PETA Games - Angry Video Game Nerd (AVGN) ,0.7,-0.45,-1
: this is like showing up to a peta protest wearing fur and eating a cheeseburger,0.0,0.0,0
: PETA Games - Angry Video Game Nerd (AVGN) ,0.7,-0.45,-1
 PETA should first declare it's Revenue Sources and the actual number of rescued animals that it kills‚Ä¶ ,0.21666666666666667,0.125,1
Urge These Fast-Food Chains to Up Their Vegan Game ,0.4,-0.4,-1
Alexandra Australia is telling customers that fur production is ethical. We‚Äôre not buying it ‚Äì are you? Take action‚Ä¶ ,0.6,0.2,1
  What about Faroe  Island  Dolphin genocide,0.0,0.0,0
": URGENT ACTION NEEDED!
 
Cashmere goats scream in agony as their hair is violently ripped off their bodies, mice and birds are lef‚Ä¶",0.55,-0.3375,-1
": So now we know. See you in court, . ",0.0,0.0,0
: Alexandra Australia is telling customers that fur production is ethical. We‚Äôre not buying it ‚Äì are you? Take action now‚Ä¶,0.35,0.15000000000000002,1
: We will continue to be nuisance for beef mafia that does illegal slaughter. We don't need PETA for this.,0.5,-0.5,-1
:   Look at this healthy meal!! ,0.5,0.78125,1
:          _‚Ä¶,0.0,0.0,0
Alexandra Australia is telling customers that fur production is ethical. We‚Äôre not buying it ‚Äì are you? Take action‚Ä¶ ,0.6,0.2,1
Please help  FreeMali the elephant from a lonely life at the Manila Zoo: ,0.7,-0.09999999999999998,-1
"Take action to help release lonely, abused orca Morgan ",0.39999999999999997,1.3877787807814457e-17,1
Help Snakes Trapped in Cramped Tanks: Urge Defra to Amend Minimum Cage Size Regulations ,0.0,-0.2,-1
Live reptiles are being sawed open on farms that supplies Herm√®s. Please take action: ,0.3666666666666667,0.07878787878787878,1
Help retire lonely captive orca Lolita and others like her to a seaside sanctuary:  ,0.6499999999999999,0.05000000000000002,1
Urge these companies to stop selling badger-hair brushes ,0.0,0.0,0
_du_Noir_: Alexandra Australia is telling customers that fur production is ethical. We‚Äôre not buying it ‚Äì are you? Take action n‚Ä¶,0.35,0.15000000000000002,1
Alexandra Australia is telling customers that fur production is ethical. We‚Äôre not buying it ‚Äì are you? Take action‚Ä¶ ,0.6,0.2,1
": ‚ÄúToday I don‚Äôt feel like doing anything‚Äù 
 
 
 
peacefulljammuandkasmir ",0.0,0.0,0
Alexandra Australia is telling customers that fur production is ethical. We‚Äôre not buying it ‚Äì are you? Take action‚Ä¶ ,0.6,0.2,1
": If YOU were an orca or dolphin, would you choose THIS or would you choose the ocean?
 
Exactly.
 
üìπ  ",0.25,0.25,1
" It appears by this data that 0.23% of the people tested for symptoms, had covid",0.0,0.0,0
context she accidentally said that our mini peta is due tomorrow instead of on friday and i almost cried,0.375,-0.125,-1
: Alexandra Australia is telling customers that fur production is ethical. We‚Äôre not buying it ‚Äì are you? Take action now‚Ä¶,0.35,0.15000000000000002,1
" But honestly, what do people think they eat? Dead bodies of sentient beings who wanted to live",0.6,0.1787878787878788,1
": URGENT ACTION NEEDED!
 
Cashmere goats scream in agony as their hair is violently ripped off their bodies, mice and birds are lef‚Ä¶",0.55,-0.3375,-1
: PETA Games - Angry Video Game Nerd (AVGN) ,0.7,-0.45,-1
yo she got mad tits i would suck them too ,1.0,-0.625,-1
": Reminder that when you eat meat, YOU ARE EATING BODY PARTS ü§Æ ",0.0,0.0,0
":  Faroe Islands
 TheFaroeIslands  did slaughtered 1500 (One thousand five hundred) dolphin dolp‚Ä¶",0.0,0.0,0
: We¬†told¬†you¬†not to¬†trust government-funded monkey labs. AHSDoubleFeature ,0.0,-0.05,-1
Alexandra Australia is telling customers that fur production is ethical. We‚Äôre not buying it ‚Äì are you? Take action‚Ä¶ ,0.6,0.2,1
_du_Noir_: Alexandra Australia is telling customers that fur production is ethical. We‚Äôre not buying it ‚Äì are you? Take action n‚Ä¶,0.35,0.15000000000000002,1
: Alexandra Australia is telling customers that fur production is ethical. We‚Äôre not buying it ‚Äì are you? Take action now‚Ä¶,0.35,0.15000000000000002,1
"man, who would want to perform live talk show as a peta? ugh",0.5,0.13636363636363635,1
   Agree,0.0,0.0,0
This Australian Designer STILL Sells Fur! Take Action Now! | PETA Australia ,0.05,0.0625,1
Alexandra Australia is telling customers that fur production is ethical. We‚Äôre not buying it ‚Äì are you? Take actio‚Ä¶ ,0.6,0.2,1
Alexandra Australia is telling customers that fur production is ethical. We‚Äôre not buying it ‚Äì are you? Take action‚Ä¶ ,0.6,0.2,1
: Alexandra Australia is telling customers that fur production is ethical. We‚Äôre not buying it ‚Äì are you? Take action now‚Ä¶,0.35,0.15000000000000002,1
 : 6a10c513-c749-4569-b040-bd2b1af02d96,0.0,0.0,0
: PETA Games - Angry Video Game Nerd (AVGN) ,0.7,-0.45,-1
: We will continue to be nuisance for beef mafia that does illegal slaughter. We don't need PETA for this.,0.5,-0.5,-1
" Hi Peta, if I had to choose between older thoughtful people and young selfish idiots, I know which ones I‚Äôd be protecting!",0.6066666666666667,-0.16666666666666669,-1
: Alexandra Australia is telling customers that fur production is ethical. We‚Äôre not buying it ‚Äì are you? Take action now‚Ä¶,0.35,0.15000000000000002,1
Urge These Fast-Food Chains to Up Their Vegan Game ,0.4,-0.4,-1
: I'm pleased to say that Murdoch's Peta Credlin -- the Liberal Party mouthpiece masquerading as a journalist -- has settled my‚Ä¶,1.0,0.5,1
: Alexandra Australia is telling customers that fur production is ethical. We‚Äôre not buying it ‚Äì are you? Take action now‚Ä¶,0.35,0.15000000000000002,1
: PETA Games - Angry Video Game Nerd (AVGN) ,0.7,-0.45,-1
Alexandra Australia is telling customers that fur production is ethical. We‚Äôre not buying it ‚Äì are you? Take action‚Ä¶ ,0.6,0.2,1
:         _Wl‚Ä¶,0.0,0.0,0
: PETA Games - Angry Video Game Nerd (AVGN) ,0.7,-0.45,-1
": URGENT ACTION NEEDED!
 
Cashmere goats scream in agony as their hair is violently ripped off their bodies, mice and birds are lef‚Ä¶",0.55,-0.3375,-1
: this is like showing up to a peta protest wearing fur and eating a cheeseburger,0.0,0.0,0
Urge These Fast-Food Chains to Up Their Vegan Game ,0.4,-0.4,-1
: PETA Games - Angry Video Game Nerd (AVGN) ,0.7,-0.45,-1
Lockdown for Life: Take Action for Animals in Captivity - PETA UK  via ,0.1,0.1,1
PETA Games - Angry Video Game Nerd (AVGN) ,0.7,-0.45,-1
": URGENT ACTION NEEDED!
 
Cashmere goats scream in agony as their hair is violently ripped off their bodies, mice and birds are lef‚Ä¶",0.55,-0.3375,-1
": 40 years ago, PETA made HISTORY at this hidden monkey laboratory by obtaining the first search and seizure warrant against a U.S.‚Ä¶",0.2222222222222222,0.011111111111111108,1
: We will continue to be nuisance for beef mafia that does illegal slaughter. We don't need PETA for this.,0.5,-0.5,-1
    Now you're all just telling me the obvious answers I didn't even think of,0.5,0.0,0
Urge These Fast-Food Chains to Up Their Vegan Game ,0.4,-0.4,-1
": Why you should never watch live zoo cams  
ANIMAL CRUELTY
 
  ‚Ä¶",0.5,0.13636363636363635,1
": Why you should never watch live zoo cams  
ANIMAL CRUELTY
 
  ‚Ä¶",0.5,0.13636363636363635,1
": If YOU were an orca or dolphin, would you choose THIS or would you choose the ocean?
 
Exactly.
 
üìπ  ",0.25,0.25,1
Alexandra Australia is telling customers that fur production is ethical. We‚Äôre not buying it ‚Äì are you? Take action‚Ä¶ ,0.6,0.2,1
: Alexandra Australia is telling customers that fur production is ethical. We‚Äôre not buying it ‚Äì are you? Take action now: http‚Ä¶,0.35,0.15000000000000002,1
Alexandra Australia is telling customers that fur production is ethical. We‚Äôre not buying it ‚Äì are you? Take action‚Ä¶ ,0.6,0.2,1
: Alexandra Australia is telling customers that fur production is ethical. We‚Äôre not buying it ‚Äì are you? Take action now: http‚Ä¶,0.35,0.15000000000000002,1
    What sbout pablo escobar,0.0,0.0,0
": Reminder that when you eat meat, YOU ARE EATING BODY PARTS ü§Æ ",0.0,0.0,0
       ‚Ä¶ ,0.0,0.0,0
Alexandra Australia is telling customers that fur production is ethical. We‚Äôre not buying it ‚Äì are you? Take action‚Ä¶ ,0.6,0.2,1
": PETA fieldworkers found this dying pit, chained to the doghouse we provided years ago.  ",0.0,0.0,0
 : 1ffe409a-22b8-4b39-b294-4b38b37bd41d,0.0,0.0,0
: this is like showing up to a peta protest wearing fur and eating a cheeseburger,0.0,0.0,0
"My mom said she would give me money if i helped my sister pass her science peta,,,,,suddenly im a scientistü§©ü§©",0.0,0.0,0
Urge These Fast-Food Chains to Up Their Vegan Game ,0.4,-0.4,-1
Alexandra Australia is telling customers that fur production is ethical. We‚Äôre not buying it ‚Äì are you? Take action‚Ä¶ ,0.6,0.2,1
: We will continue to be nuisance for beef mafia that does illegal slaughter. We don't need PETA for this.,0.5,-0.5,-1
:   Damn bro that was mad funny ,1.0,-0.1875,-1
Alexandra Australia is telling customers that fur production is ethical. We‚Äôre not buying it ‚Äì are you? Take action‚Ä¶ ,0.6,0.2,1
": URGENT ACTION NEEDED!
 
Cashmere goats scream in agony as their hair is violently ripped off their bodies, mice and birds are lef‚Ä¶",0.55,-0.3375,-1
: this is like showing up to a peta protest wearing fur and eating a cheeseburger,0.0,0.0,0
:  URGENT. I HAVE A FRIEND STILL IN KABUL WITH ACCESS TO THE AIRPORT.  HE ASKED FOR A BETTER PHOTO OF JEREMY‚Ä¶,0.5,0.5,1
":      Your friend can to find him?

KSAR
OperationHercules
HelpT‚Ä¶",0.0,0.0,0
  No you are eating your way to it.,0.0,0.0,0
: Just joking.. Peta nuts.,0.0,0.0,0
"    Didn't know who it was, looked it up, yep that's the face of a man who does a lot of cocaine",0.0,0.0,0
     _   ‚Ä¶ ,0.0,0.0,0
    Definitely Charlie Sheen,0.5,0.0,0
": 40 years ago, PETA made HISTORY at this hidden monkey laboratory by obtaining the first search and seizure warrant against a U.S.‚Ä¶",0.2222222222222222,0.011111111111111108,1
 Lol Peta you kill animals too.,0.7,0.8,1
" Bruh I know you kill animals for no reason. AND YOU'RE PRETENDING TO BE ANIMAL LOVERS? Well no you don't.
You‚Ä¶ ",0.0,0.0,0
": GUYS NEW EPISODE!! üéâ

4th Runner Up of Spartan Race Philippines 2019, Finalist of Fitness First New You Achievement Aw‚Ä¶",0.41414141414141414,0.19981060606060605,1
" I‚Äôll decide on it in 5-20 years time.. when I feel safe that I know the impact over time, and still then‚Ä¶ ",0.5,0.5,1
" Hi Peta, this isn't a recent change and was not introduced due to COVID. For privacy reasons, anyone a‚Ä¶ ",0.3125,-0.0625,-1
 : 85685686-e8f4-4684-8f83-a1fb75a889cb,0.0,0.0,0
": If YOU were an orca or dolphin, would you choose THIS or would you choose the ocean?
 
Exactly.
 
üìπ  ",0.25,0.25,1
Alexandra Australia is telling customers that fur production is ethical. We‚Äôre not buying it ‚Äì are you? Take action‚Ä¶ ,0.6,0.2,1
: Alexandra Australia is telling customers that fur production is ethical. We‚Äôre not buying it ‚Äì are you? Take action now‚Ä¶,0.35,0.15000000000000002,1
"  When they do not 'resort' to monkeys for experimentation, they often use rodents, or dogs and cats",0.0,0.0,0
Urge These Fast-Food Chains to Up Their Vegan Game ,0.4,-0.4,-1
Alexandra Australia is telling customers that fur production is ethical. We‚Äôre not buying it ‚Äì are you? Take action‚Ä¶ ,0.6,0.2,1
: The only way this stops is when tourists stop being so lazy : Animal Suffering Continues on Santorini ,1.0,-0.125,-1
"  Psychologists everywhere ""experiment"" on monkeys. Only the law can prevent this.- Strange,  so‚Ä¶ ",0.575,-0.025,-1
_Art _arts I thought you were talking about PETA there for a second.,0.0,0.0,0
Yeah bro this is my kink why‚Äôd you think I drank it? For nutrition? Ha ,0.0,0.0,0
Alexandra Australia is telling customers that fur production is ethical. We‚Äôre not buying it ‚Äì are you? Take action‚Ä¶ ,0.6,0.2,1
Request Activist Materials  via ,0.0,0.0,0
Alexandra Australia is telling customers that fur production is ethical. We‚Äôre not buying it ‚Äì are you? Take action‚Ä¶ ,0.6,0.2,1
Alexandra Australia is telling customers that fur production is ethical. We‚Äôre not buying it ‚Äì are you? Take action‚Ä¶ ,0.6,0.2,1
: We will continue to be nuisance for beef mafia that does illegal slaughter. We don't need PETA for this.,0.5,-0.5,-1
: We will continue to be nuisance for beef mafia that does illegal slaughter. We don't need PETA for this.,0.5,-0.5,-1
: We will continue to be nuisance for beef mafia that does illegal slaughter. We don't need PETA for this.,0.5,-0.5,-1
"Disgusting.
Anyone consuming Dolphin from this hunt should be hunted themselves and publicly humiliated all over so‚Ä¶ ",0.5333333333333333,-0.5,-1
: this is like showing up to a peta protest wearing fur and eating a cheeseburger,0.0,0.0,0
: We will continue to be nuisance for beef mafia that does illegal slaughter. We don't need PETA for this.,0.5,-0.5,-1
"Disgusting.
Anyone consuming Dolphin from this hunt should be hunted themselves and publicly humiliated all over so‚Ä¶ ",0.5333333333333333,-0.5,-1
": URGENT ACTION NEEDED!
 
Cashmere goats scream in agony as their hair is violently ripped off their bodies, mice and birds are lef‚Ä¶",0.55,-0.3375,-1
Alexandra Australia is telling customers that fur production is ethical. We‚Äôre not buying it ‚Äì are you? Take action‚Ä¶ ,0.6,0.2,1
: We will continue to be nuisance for beef mafia that does illegal slaughter. We don't need PETA for this.,0.5,-0.5,-1
: We will continue to be nuisance for beef mafia that does illegal slaughter. We don't need PETA for this.,0.5,-0.5,-1
_plibersek Everyone owes Peta Credlin an apology. She‚Äôs not Australia‚Äôs worst PM ever.,1.0,-1.0,-1
: This is reckless. The brutal killing of wildlife in the name of 'tradition'. It's a legal form of wildlife crime on lar‚Ä¶,0.6,-0.3375,-1
: Alexandra Australia is telling customers that fur production is ethical. We‚Äôre not buying it ‚Äì are you? Take action now: h‚Ä¶,0.35,0.15000000000000002,1
:   Look at this healthy meal!! ,0.5,0.78125,1
_: Understood that Capricorn üêê is at fore now. What about Bakrid ,0.0,0.0,0
  Exactly!,0.25,0.3125,1
: We will continue to be nuisance for beef mafia that does illegal slaughter. We don't need PETA for this.,0.5,-0.5,-1
: We will continue to be nuisance for beef mafia that does illegal slaughter. We don't need PETA for this.,0.5,-0.5,-1
Alexandra Australia is telling customers that fur production is ethical. We‚Äôre not buying it ‚Äì are you? Take action‚Ä¶ ,0.6,0.2,1
: this is like showing up to a peta protest wearing fur and eating a cheeseburger,0.0,0.0,0
": Repost from  
Every year millions of animals are killed for the clothing industry, all in‚Ä¶ ",0.0,-0.2,-1
": THIS IS WHAT HAPPENS IN THE DAIRY INDUSTRY üíî 

Cow mothers have their babies stolen from them so humans can drink their milk. RET‚Ä¶",0.16666666666666666,-0.13333333333333333,-1
: We will continue to be nuisance for beef mafia that does illegal slaughter. We don't need PETA for this.,0.5,-0.5,-1
Urge These Fast-Food Chains to Up Their Vegan Game ,0.4,-0.4,-1
"  All crimes are done by/for pleasure (else under constraint) ;) it is not an argument, a society can't be based on ego ^^",1.0,0.25,1
LeBron James opens up with Lil B in an unexpected interview hosted by PETA.,1.0,0.1,1
: Alexandra Australia is telling customers that fur production is ethical. We‚Äôre not buying it ‚Äì are you? Take action now: h‚Ä¶,0.35,0.15000000000000002,1
_kini: For a shawl ??? Why would you want that üò≠,0.0,0.0,0
 She will donate to peta,0.0,0.0,0
"fuck it, PETA hentai ",0.6,-0.4,-1
Alexandra Australia is telling customers that fur production is ethical. We‚Äôre not buying it ‚Äì are you? Take action‚Ä¶ ,0.6,0.2,1
: Have you gone insane ? Drinking 'White' milk is a symbol of 'White Supremacy'? Please do some Yoga headstands and pray‚Ä¶,0.3333333333333333,-0.3333333333333333,-1
Alexandra Australia is telling customers that fur production is ethical. We‚Äôre not buying it ‚Äì are you? Take action‚Ä¶ ,0.6,0.2,1
   What do we do about this? Horrendous cruelty,0.0,0.0,0
"I love your vegan doughnuts, but I don‚Äôt love that I can‚Äôt get them in your shops. Time to roll ‚Äòem out,‚Ä¶ ",0.6,0.5,1
Hey  I challenge you to a vegan chicken cook off with ! Add it to your menu and I'll be the jud‚Ä¶ ,0.95,-0.75,-1
  _Sakurai  I rather have a weak pokemon and of FE character than this piece of shit,0.7125,-0.2875,-1
Hey  - my fav chicken is vegan! Add it to your menu please üôèüå± VeganiseYourMenu   ,0.95,-0.75,-1
Urge These Fast-Food Chains to Up Their Vegan Game ,0.4,-0.4,-1
", please add a VeganBurger to your menu! I volunteer as a taste-tester. üòâüçîüå±VeganiseYourMenu   ",0.0,0.0,0
1 peta down :&gt;,0.2888888888888889,-0.15555555555555559,-1
": If YOU were an orca or dolphin, would you choose THIS or would you choose the ocean?
 
Exactly.
 
üìπ  ",0.25,0.25,1
 Peta blocked me what did they say,0.0,0.0,0
Urge These Fast-Food Chains to Up Their Vegan Game ,0.4,-0.4,-1
: We will continue to be nuisance for beef mafia that does illegal slaughter. We don't need PETA for this.,0.5,-0.5,-1
 _uk     These people are so vulgar in their methods. These delphin's belongs to no m‚Ä¶ ,0.8,-0.7,-1
: Alexandra Australia is telling customers that fur production is ethical. We‚Äôre not buying it ‚Äì are you? Take action now‚Ä¶,0.35,0.15000000000000002,1
"20 June 2022, we should all raid PETA HQ, for being a horrible company, they can't stop us all, right? RaidPETA2022",0.7678571428571428,-0.35714285714285715,-1
This got my dick hard ,0.5416666666666666,-0.2916666666666667,-1
: We will continue to be nuisance for beef mafia that does illegal slaughter. We don't need PETA for this.,0.5,-0.5,-1
: Alexandra Australia is telling customers that fur production is ethical. We‚Äôre not buying it ‚Äì are you? Take action now‚Ä¶,0.35,0.15000000000000002,1
"_UNIFICATION: The World‚Äôs Biggest barbaric Halal Food Festival Is Coming To London Stadium UK.

_official
_HQ 

‚Ä¶",0.0,0.0,0
  Right,0.5357142857142857,0.2857142857142857,1
": Autumn has landed &amp; so has burgundy. üçÅ100% Organic Cotton, Vegan Friendly, Peta approved Unisex t-shirts. üå± ",0.5,0.375,1
 So good üî•üî•üî•üòçüòçüòçüò©üò©üò©üò©üò©üò©,0.6000000000000001,0.7,1
: Are we  Way to Extinction? We‚Äôre at the premiere of the new film narrated by Academy Award winner Kate Winslet to find‚Ä¶,0.45454545454545453,0.13636363636363635,1
   Spouting crap in the channel 4 interview about tradition and ecology and non of th‚Ä¶ ,0.8,-0.8,-1
: the peta Homestuck ,0.0,0.0,0
"_UNIFICATION: The World‚Äôs Biggest barbaric Halal Food Festival Is Coming To London Stadium UK.

_official
_HQ 

‚Ä¶",0.0,0.0,0
_merino: No one wants to see abused animals forced to perform. Tell these venues not to host Jordan World Circus until it drops it‚Ä¶,0.15000000000000002,-0.05000000000000002,-1
": She knows that clothes should never take an animal‚Äôs life and that‚Äôs why she makes such a difference.

Wishing  a‚Ä¶",0.5,0.0,0
     I need them to rise up and end this world already,0.0,0.0,0
: There is SUCH AN INCREDIBLE AMOUNT OF ANIMAL TORTURE DONE AT THE HANDS OF HUMANS PAID BY TAX $$- is this right?  HELL. NO!! I‚Ä¶,0.6452380952380952,0.4488095238095238,1
_: shii look bussin ngl,0.0,0.0,0
: We will continue to be nuisance for beef mafia that does illegal slaughter. We don't need PETA for this.,0.5,-0.5,-1
: We will continue to be nuisance for beef mafia that does illegal slaughter. We don't need PETA for this.,0.5,-0.5,-1
": URGENT ACTION NEEDED!
 
Cashmere goats scream in agony as their hair is violently ripped off their bodies, mice and birds are lef‚Ä¶",0.55,-0.3375,-1
Dogs are being deliberately bred to develop crippling muscle diseases. Take action: ,0.1,0.1,1
": 40 years ago, PETA made HISTORY at this hidden monkey laboratory by obtaining the first search and seizure warrant against a U.S.‚Ä¶",0.2222222222222222,0.011111111111111108,1
: Are we  Way to Extinction? We‚Äôre at the premiere of the new film narrated by Academy Award winner Kate Winslet to find‚Ä¶,0.45454545454545453,0.13636363636363635,1
: Alexandra Australia is telling customers that fur production is ethical. We‚Äôre not buying it ‚Äì are you? Take action now‚Ä¶,0.35,0.15000000000000002,1
": Reminder that when you eat meat, YOU ARE EATING BODY PARTS ü§Æ ",0.0,0.0,0
     why u @ atlantis,0.0,0.0,0
: Are we  Way to Extinction? We‚Äôre at the premiere of the new film narrated by Academy Award winner Kate Winslet to find‚Ä¶,0.45454545454545453,0.13636363636363635,1
"sympathize with, largely due to my strong support for non-human animal rights (a cause that is basically the epitom‚Ä¶ ",0.5541666666666667,0.15416666666666665,1
THE HIDDEN REPLIES LMAOOO ,0.3333333333333333,-0.16666666666666666,-1
shii look bussin ngl ,0.0,0.0,0
I hope everyone associated with this picture will have a very miserable and painful life ,0.95,-0.85,-1
"  _ssbu   Huh? Wdym, a peta employee stole a woman's dog and put it‚Ä¶ ",0.0,0.0,0
you know what.. i would suck a cow tiddy so lemme enjoy my chocolate shake betch ,0.3333333333333333,0.13333333333333336,1
: We will continue to be nuisance for beef mafia that does illegal slaughter. We don't need PETA for this.,0.5,-0.5,-1
Alexandra Australia is telling customers that fur production is ethical. We‚Äôre not buying it ‚Äì are you? Take action‚Ä¶ ,0.6,0.2,1
    Who has two liters of cocaine?,0.0,0.0,0
: We will continue to be nuisance for beef mafia that does illegal slaughter. We don't need PETA for this.,0.5,-0.5,-1
:   Are journalists unbiased and fair? Have Leigh Sales/ Peta Credlin appeared in Gladys presser y‚Ä¶,0.9,0.7,1
  And PETA talked to the owner/trainer of the bear.,0.0,0.0,0
: We will continue to be nuisance for beef mafia that does illegal slaughter. We don't need PETA for this.,0.5,-0.5,-1
: Alexandra Australia is telling customers that fur production is ethical. We‚Äôre not buying it ‚Äì are you? Take action now: http‚Ä¶,0.35,0.15000000000000002,1
Alexandra Australia is telling customers that fur production is ethical. We‚Äôre not buying it ‚Äì are you? Take action‚Ä¶ ,0.6,0.2,1
": PETA urges PM Modi to declare Gandhi Jayanti as ‚ÄòNational Meat-Free Day‚Äô 

Read:  ",0.0,0.0,0
: Our lab has been the object of vicious and baseless attacks by PETA. Thank you to  for providing an informed‚Ä¶,1.0,-1.0,-1
: Alexandra Australia is telling customers that fur production is ethical. We‚Äôre not buying it ‚Äì are you? Take action now‚Ä¶,0.35,0.15000000000000002,1
: Alexandra Australia is telling customers that fur production is ethical. We‚Äôre not buying it ‚Äì are you? Take action now‚Ä¶,0.35,0.15000000000000002,1
"  Bless you Ingrid and thank you for the constant ,continued work you do to help sabe and rescue‚Ä¶ ",0.3333333333333333,0.0,0
": Why you should never watch live zoo cams  
ANIMAL CRUELTY
 
  ‚Ä¶",0.5,0.13636363636363635,1
: Alexandra Australia is telling customers that fur production is ethical. We‚Äôre not buying it ‚Äì are you? Take action now: http‚Ä¶,0.35,0.15000000000000002,1
": URGENT ACTION NEEDED!
 
Cashmere goats scream in agony as their hair is violently ripped off their bodies, mice and birds are lef‚Ä¶",0.55,-0.3375,-1
Alexandra Australia is telling customers that fur production is ethical. We‚Äôre not buying it ‚Äì are you? Take action‚Ä¶ ,0.6,0.2,1
": Reminder that when you eat meat, YOU ARE EATING BODY PARTS ü§Æ ",0.0,0.0,0
": Why you should never watch live zoo cams  
ANIMAL CRUELTY
 
  ‚Ä¶",0.5,0.13636363636363635,1
  Speaking of writing things to be purposely misleading mby someone with an agenda... Hows your propoganda campaign coming?,0.0,0.0,0
: Alexandra Australia is telling customers that fur production is ethical. We‚Äôre not buying it ‚Äì are you? Take action now: http‚Ä¶,0.35,0.15000000000000002,1
: Alexandra Australia is telling customers that fur production is ethical. We‚Äôre not buying it ‚Äì are you? Take action now‚Ä¶,0.35,0.15000000000000002,1
: It‚Äôs probably out of frustration.  ,0.0,0.0,0
: It‚Äôs probably out of frustration.  ,0.0,0.0,0
    Seriously  tho why do you have that hair and why the fuck is your head shaped like that,0.6333333333333333,-0.3666666666666667,-1
 Vegan foods are parts of plant body too!,0.0,0.0,0
"_UNIFICATION: The World‚Äôs Biggest barbaric Halal Food Festival Is Coming To London Stadium UK.

_official
_HQ 

‚Ä¶",0.0,0.0,0
 If peta came to Mauritius undercovered they would see a lot of stray dogs,0.0,0.0,0
Kinda hot tbh ,0.8500000000000001,0.25,1
_thinker This is discrimination! Why didn't you ask about the Elephant head having a human body. PETA will sue‚Ä¶ ,0.1,0.0,0
Alexandra Australia is telling customers that fur production is ethical. We‚Äôre not buying it ‚Äì are you? Take action‚Ä¶ ,0.6,0.2,1
": She wore  to the MetGala, but on one condition‚Äîthat the company go fur-free‚Äîand THEY DID!
 
Tonight ‚Ä¶",0.0,0.0,0
": 40 years ago, PETA made HISTORY at this hidden monkey laboratory by obtaining the first search and seizure warrant against a U.S.‚Ä¶",0.2222222222222222,0.011111111111111108,1
_whale i‚Äôm peta! here to protect the whales üòÜ,0.0,0.0,0
"_W_Global: AnimalSuffering Continues on Santorini 

 via ",0.0,0.0,0
Alexandra Australia is telling customers that fur production is ethical. We‚Äôre not buying it ‚Äì are you? Take action‚Ä¶ ,0.6,0.2,1
": If YOU were an orca or dolphin, would you choose THIS or would you choose the ocean?
 
Exactly.
 
üìπ  ",0.25,0.25,1
": ‚ÄúToday I don‚Äôt feel like doing anything‚Äù 
 
 
 
peacefulljammuandkasmir ",0.0,0.0,0
she electrocuted the bird.. CALL PETA !!!!! ,0.0,0.0,0
"_Treaty: Thank you  for endorsing the PlantBasedTreaty! 

With an International Plant Based Treaty we can create an equitabl‚Ä¶",0.0,0.0,0
This is reckless. The brutal killing of wildlife in the name of 'tradition'. It's a legal form of wildlife crime on‚Ä¶ ,0.6,-0.3375,-1
The Rajahsulaymantheater was one of Fort Santiago‚Äôs old military barracks. It was converted into an open-air theat‚Ä¶ ,0.15000000000000002,0.0,0
": If YOU were an orca or dolphin, would you choose THIS or would you choose the ocean?
 
Exactly.
 
üìπ  ",0.25,0.25,1
: Alexandra Australia is telling customers that fur production is ethical. We‚Äôre not buying it ‚Äì are you? Take action now:‚Ä¶,0.35,0.15000000000000002,1
Alexandra Australia is telling customers that fur production is ethical. We‚Äôre not buying it ‚Äì are you? Take action‚Ä¶ ,0.6,0.2,1
: Urge parkrun to Cut Ties With the ‚ÄòHappy‚Äô Egg Co ,1.0,0.8,1
"_W_Global: AnimalSuffering Continues on Santorini 

 via ",0.0,0.0,0
_Leeming     a big thank you to you too to  ‚Ä¶ ,0.1,0.0,0
_Irony  Peta will have a field trip with the new batches of euthanizations.,0.45454545454545453,0.13636363636363635,1
 @_Dr00gs It was clearly a joke making fun of PETA that went over your head.,0.29166666666666663,0.2,1
" YES, NOW GOGO BUY HAAHAHHA IDK IF URE DOING PETA GIMME A SCREENSHOT OF U BUYING HIM HEHEHAH",0.0,0.0,0
: Alexandra Australia is telling customers that fur production is ethical. We‚Äôre not buying it ‚Äì are you? Take action now: http‚Ä¶,0.35,0.15000000000000002,1
 Wait who was this about?,0.0,0.0,0
: Are we  Way to Extinction? We‚Äôre at the premiere of the new film narrated by Academy Award winner Kate Winslet to find‚Ä¶,0.45454545454545453,0.13636363636363635,1
": It‚Äôs never too early to speak up for animals!

Join us and the baby by urging _USA to drop their Iditarod sponsorship‚Ä¶",0.3,0.125,1
: Didn‚Äôt Leigh Sales and Peta Credlin attempt to tag team bully Dan Andrew‚Äôs?,0.0,0.0,0
"Yes, so that  can lose rest of the vote share of meat eaters! 

We believe you George Soros funded commun‚Ä¶ ",0.0,0.0,0
": She wore  to the MetGala, but on one condition‚Äîthat the company go fur-free‚Äîand THEY DID!
 
Tonight ‚Ä¶",0.0,0.0,0
": If YOU were an orca or dolphin, would you choose THIS or would you choose the ocean?
 
Exactly.
 
üìπ  ",0.25,0.25,1
"// just had a discussion on peta‚Äôs interpretation on cooking mama and what she‚Äôd be in bed, too or bottom",0.0,0.0,0
Alexandra Australia is telling customers that fur production is ethical. We‚Äôre not buying it ‚Äì are you? Take action‚Ä¶ ,0.6,0.2,1
  That bear was Union. PETA can‚Äôt say shit,0.8,-0.2,-1
": Reminder that when you eat meat, YOU ARE EATING BODY PARTS ü§Æ ",0.0,0.0,0
": Starvation, disease, torture: this is the real American horror story¬†‚¨áÔ∏è¬†",0.0,0.0,0
: Even vegans are forced to support morally bankrupt experimenters through their taxes¬†¬†‚û°Ô∏è¬† ,0.225,-0.15000000000000002,-1
": URGENT ACTION NEEDED!
 
Cashmere goats scream in agony as their hair is violently ripped off their bodies, mice and birds are lef‚Ä¶",0.55,-0.3375,-1
: A former employee testified at her DTRC hearing that a trainer punished a horse by withholding food for four days. Please jo‚Ä¶,0.0,0.0,0
": URGENT ACTION NEEDED!
 
Cashmere goats scream in agony as their hair is violently ripped off their bodies, mice and birds are lef‚Ä¶",0.55,-0.3375,-1
": Starvation, disease, torture: this is the real American horror story¬†‚¨áÔ∏è¬†",0.0,0.0,0
: Even vegans are forced to support morally bankrupt experimenters through their taxes¬†¬†‚û°Ô∏è¬† ,0.225,-0.15000000000000002,-1
: We¬†told¬†you¬†not to¬†trust government-funded monkey labs. AHSDoubleFeature ,0.0,-0.05,-1
: It‚Äôs probably out of frustration.  ,0.0,0.0,0
: Are we  Way to Extinction? We‚Äôre at the premiere of the new film narrated by Academy Award winner Kate Winslet to find‚Ä¶,0.45454545454545453,0.13636363636363635,1
": URGENT ACTION NEEDED!
 
Cashmere goats scream in agony as their hair is violently ripped off their bodies, mice and birds are lef‚Ä¶",0.55,-0.3375,-1
": Reminder that when you eat meat, YOU ARE EATING BODY PARTS ü§Æ ",0.0,0.0,0
: It‚Äôs probably out of frustration.  ,0.0,0.0,0
take action or call out yung ka  ,0.1,0.1,1
wait until PETA knows about this ,0.0,0.0,0
 i already knew it as a kid because we used to have a PETA DVD which we threw away years later,0.0,0.0,0
": Reminder that when you eat meat, YOU ARE EATING BODY PARTS ü§Æ ",0.0,0.0,0
 _Eubanks This just inspired me to eat even more fruits and veggies while watching  ,0.5,0.5,1
" Is it ok if I can catch fish for my spouse? U wont eat it, but I wld like to catch and cook it. Kindly t‚Ä¶ ",0.7,0.55,1
"  also declare the same in Eid too when millions are slaughtered for no reason. 
‚Ä¶ ",0.125,0.0,0
what are they doing here?? üò≠ ,0.0,0.0,0
": Reminder that when you eat meat, YOU ARE EATING BODY PARTS ü§Æ ",0.0,0.0,0
   Pull out them tiddies a homie needs some milk for his coffee,0.0,0.0,0
"sorry, couldn‚Äôt hear you over my family guy box set playing on my PS2. giggity giggity goo! haha. hey peta! like wh‚Ä¶ ",0.65,-0.1875,-1
 More pressure and coercion.. looks like businesses will also suffer the pressure of it being their ch‚Ä¶ ,0.5,0.5,1
Alexandra Australia is telling customers that fur production is ethical. We‚Äôre not buying it ‚Äì are you? Take action‚Ä¶ ,0.6,0.2,1
: Are we  Way to Extinction? We‚Äôre at the premiere of the new film narrated by Academy Award winner Kate Winslet to find‚Ä¶,0.45454545454545453,0.13636363636363635,1
: harrie twt: ,0.0,0.0,0
"  And if you're vegan, everything is a joke.",0.0,0.0,0
: Alexandra Australia is telling customers that fur production is ethical. We‚Äôre not buying it ‚Äì are you? Take action now‚Ä¶,0.35,0.15000000000000002,1
 : 283aa680-5bea-4a26-81b3-af0295267a04,0.0,0.0,0
: What if PETA approved a product but that product used a plant that a particular animal needs to survive and the company‚Ä¶,0.3333333333333333,0.16666666666666666,1
 I‚Äôm surprised PETA didn‚Äôt say something!,0.9,0.125,1
": Abbott obviously deserves much scorn for his treatment of Gillard‚Ä¶ but Julie Bishop, Peta Credlin, Bronwyn Bishop and M‚Ä¶",0.35,0.1,1
 but rats are gross and also have you ever heard of overpopulation. and also getting in peoples faces and sham‚Ä¶ ,0.0,0.0,0
   WHERE WERE YOU WHEN WE NEEDED YOU ?????????,0.0,0.0,0
 Bitch,0.0,0.0,0
: Alexandra Australia is telling customers that fur production is ethical. We‚Äôre not buying it ‚Äì are you? Take action now‚Ä¶,0.35,0.15000000000000002,1
 Do u fart ass,0.0,0.0,0
Urge the COP26 Climate Summit to Serve a Fully Vegan Menu  via ,0.0,0.0,0
"_UNIFICATION: The World‚Äôs Biggest barbaric Halal Food Festival Is Coming To London Stadium UK.

_official
_HQ 

‚Ä¶",0.0,0.0,0
"  Woaaahhhh duuuude thats craaazy, I didn't ask",0.0,0.0,0
 Yeah I know,0.0,0.0,0
: Alexandra Australia is telling customers that fur production is ethical. We‚Äôre not buying it ‚Äì are you? Take action now‚Ä¶,0.35,0.15000000000000002,1
": PETA is best known for lying with their full chest on their poorly written website articles, comparing ""speciesism"" to racis‚Ä¶",0.4833333333333334,0.3166666666666667,1
  then that means that this dlc sucks,0.3,-0.3,-1
 Poop,0.0,0.0,0
 Butter,0.0,0.0,0
": Abbott obviously deserves much scorn for his treatment of Gillard‚Ä¶ but Julie Bishop, Peta Credlin, Bronwyn Bishop and M‚Ä¶",0.35,0.1,1
 Boobs,0.0,0.0,0
  Fr fr im stealin all of them,0.0,0.0,0
Genuinely been thinking that it would be almost impossible to livestream at the Brisbane entertainment centre becau‚Ä¶ ,0.75,-0.1333333333333333,-1
: YouBetYourLife co-host &amp; vegan _Eubanks dressed up as a strawberry is a mood üçì ,0.0,0.0,0
: I liked this appeal tweet of PETA but PETA SM handler has hidden all the Eid related replies shows how biased their activism‚Ä¶,0.5111111111111111,0.14444444444444446,1
Alexandra Australia is telling customers that fur production is ethical. We‚Äôre not buying it ‚Äì are you? Take action‚Ä¶ ,0.6,0.2,1
: I liked this appeal tweet of PETA but PETA SM handler has hidden all the Eid related replies shows how biased their activism‚Ä¶,0.5111111111111111,0.14444444444444446,1
":  _Eubanks Now I'm inspired to eat more vegetables. 
vegetarian ü•¨ü•íü•¶üå∂üåΩüßÑü•îüßÖü•ï",0.5,0.5,1
: I liked this appeal tweet of PETA but PETA SM handler has hidden all the Eid related replies shows how biased their activism‚Ä¶,0.5111111111111111,0.14444444444444446,1
": look how quickly the teaser spread, imagine how quickly spoilers will spread when the movie actually comes out‚Ä¶ a loss for a‚Ä¶",0.3666666666666667,0.2222222222222222,1
": ‚ÄúToday I don‚Äôt feel like doing anything‚Äù 
 
 
 
peacefulljammuandkasmir ",0.0,0.0,0
: Our lab has been the object of vicious and baseless attacks by PETA. Thank you to  for providing an informed‚Ä¶,1.0,-1.0,-1
 Stop hidden my fucking comment:,0.5666666666666667,-0.3833333333333333,-1
Alexandra Australia is telling customers that fur production is ethical. We‚Äôre not buying it ‚Äì are you? Take action‚Ä¶ ,0.6,0.2,1
: Alexandra Australia is telling customers that fur production is ethical. We‚Äôre not buying it ‚Äì are you? Take action now‚Ä¶,0.35,0.15000000000000002,1
 Nigga,0.0,0.0,0
Alexandra Australia is telling customers that fur production is ethical. We‚Äôre not buying it ‚Äì are you? Take action‚Ä¶ ,0.6,0.2,1
: Alexandra Australia is telling customers that fur production is ethical. We‚Äôre not buying it ‚Äì are you? Take action now‚Ä¶,0.35,0.15000000000000002,1
. come get him. ,0.0,0.0,0
: Alexandra Australia is telling customers that fur production is ethical. We‚Äôre not buying it ‚Äì are you? Take action now: ht‚Ä¶,0.35,0.15000000000000002,1
: Alexandra Australia is telling customers that fur production is ethical. We‚Äôre not buying it ‚Äì are you? Take action now‚Ä¶,0.35,0.15000000000000002,1
": Abbott obviously deserves much scorn for his treatment of Gillard‚Ä¶ but Julie Bishop, Peta Credlin, Bronwyn Bishop and M‚Ä¶",0.35,0.1,1
 : a88d047a-a613-43fd-b6a4-ed5942c3a2d5,0.0,0.0,0
": ‚ÄúToday I don‚Äôt feel like doing anything‚Äù 
 
 
 
peacefulljammuandkasmir ",0.0,0.0,0
"_UNIFICATION: The World‚Äôs Biggest barbaric Halal Food Festival Is Coming To London Stadium UK.

_official
_HQ 

‚Ä¶",0.0,0.0,0
": Reminder that when you eat meat, YOU ARE EATING BODY PARTS ü§Æ ",0.0,0.0,0
": URGENT ACTION NEEDED!
 
Cashmere goats scream in agony as their hair is violently ripped off their bodies, mice and birds are lef‚Ä¶",0.55,-0.3375,-1
 _ssb   What do you have to say about the hugely increased euthanization ra‚Ä¶ ,0.9,0.4000000000000001,1
": Abbott obviously deserves much scorn for his treatment of Gillard‚Ä¶ but Julie Bishop, Peta Credlin, Bronwyn Bishop and M‚Ä¶",0.35,0.1,1
 is it true that you support the kkk and we‚Äôre once wearing kkk uniforms to protest a dog race/dog show,0.65,0.35,1
dick so good it gave shawty the swine flu ,0.6000000000000001,0.7,1
": If YOU were an orca or dolphin, would you choose THIS or would you choose the ocean?
 
Exactly.
 
üìπ  ",0.25,0.25,1
"Twenty-One Pilots
Raised for Slaughter
Animal Rights
Pets
PETA
Milk",0.0,0.0,0
"also declare the same in Eid too when millions are slaughtered for no reason. 

 

  
‚Ä¶ ",0.125,0.0,0
"  also declare the same in Eid too when millions are slaughtered for no reason. 
‚Ä¶ ",0.125,0.0,0
": ‚ÄúToday I don‚Äôt feel like doing anything‚Äù 
 
 
 
peacefulljammuandkasmir ",0.0,0.0,0
: Alexandra Australia is telling customers that fur production is ethical. We‚Äôre not buying it ‚Äì are you? Take action now‚Ä¶,0.35,0.15000000000000002,1
Alexandra Australia is telling customers that fur production is ethical. We‚Äôre not buying it ‚Äì are you? Take action‚Ä¶ ,0.6,0.2,1
: the peta Homestuck ,0.0,0.0,0
: I liked this appeal tweet of PETA but PETA SM handler has hidden all the Eid related replies shows how biased their activism‚Ä¶,0.5111111111111111,0.14444444444444446,1
": Testing on animals is bad science. 
Join us in paving the way for better, more efficient, animal-free medical future: ",0.3583333333333333,0.06000000000000003,1
": If YOU were an orca or dolphin, would you choose THIS or would you choose the ocean?
 
Exactly.
 
üìπ  ",0.25,0.25,1
": Ahead of Gandhi Jayanti, PETA India asks  to declare the day ‚ÄúNational Meat-Free Day‚Äù to recognise Gandhi‚Äôs pri‚Ä¶",0.0,0.0,0
"  I hope PETA goes after them, not because I think they'd win but because it's our best chance of getting rid of PETA",0.35,0.9,1
